accuracy,precision_dwarf,recall_dwarf,f1_dwarf,precision_giant,recall_giant,f1_giant
0.8327392185643392,0.7691987801497089,0.8840210291540544,0.8226224890667853,0.8973635979134358,0.7926525529265255,0.8417642002248231
